time,timestamp,Rxx,Rxy,Rxz,Px,Ryx,Ryy,Ryz,Py,Rzx,Rzy,Rzz,Pz,R01,R02,R03,P
0,1681438640,0.999998808,0.00154916,0,-0.863457024,-0.00154916,0.999998808,0,3.416320562,0,0,1,0,0,0,0,1
1.267570019,1681438641,0.999997914,0.002035006,0,-0.781640291,-0.002035006,0.999997914,0,2.371063709,0,0,1,0,0,0,0,1
1.365069866,1681438641,0.999998808,0.001543339,0,-0.58423245,-0.001543339,0.999998808,0,2.594069958,0,0,1,0,0,0,0,1
1.444289923,1681438641,0.999999225,0.001257162,0,-0.577551603,-0.001257162,0.999999225,0,2.977355242,0,0,1,0,0,0,0,1
1.664349794,1681438641,0.999997556,0.002211121,0,-1.525384665,-0.002211121,0.999997556,0,4.315347672,0,0,1,0,0,0,0,1
1.755579948,1681438641,0.999997437,0.002265505,0,-1.561808705,-0.002265505,0.999997437,0,4.347624302,0,0,1,0,0,0,0,1
1.829859972,1681438641,0.99999845,0.001752484,0,-1.367973804,-0.001752484,0.99999845,0,4.503015995,0,0,1,0,0,0,0,1
1.932369947,1681438641,0.999999821,0.000610766,0,-0.860576749,-0.000610766,0.999999821,0,4.392451763,0,0,1,0,0,0,0,1
2.040509939,1681438642,0.999998212,0.001877892,0,-1.981450677,-0.001877892,0.999998212,0,5.682536602,0,0,1,0,0,0,0,1
2.255539894,1681438642,0.999987364,0.005030688,0,-4.361424446,-0.005030688,0.999987364,0,8.089962006,0,0,1,0,0,0,0,1
2.34766984,1681438642,0.999990106,0.004449803,0,-2.492786407,-0.004449803,0.999990106,0,2.197156668,0,0,1,0,0,0,0,1
2.515739918,1681438642,0.99999547,0.00301037,0,-1.369479179,-0.00301037,0.99999547,0,1.933327913,0,0,1,0,0,0,0,1
2.685230017,1681438642,0.999993801,0.003513956,0,-1.653771996,-0.003513956,0.999993801,0,2.600277662,0,0,1,0,0,0,0,1
2.79279995,1681438642,0.999997914,0.002035006,0,-0.781640291,-0.002035006,0.999997914,0,2.371063709,0,0,1,0,0,0,0,1
2.904429913,1681438642,0.999998808,0.001543339,0,-0.58423245,-0.001543339,0.999998808,0,2.594069958,0,0,1,0,0,0,0,1
3.037639856,1681438643,0.999999225,0.001257162,0,-0.577551603,-0.001257162,0.999999225,0,2.977355242,0,0,1,0,0,0,0,1
3.235589981,1681438643,0.999997556,0.002211121,0,-1.525384665,-0.002211121,0.999997556,0,4.315347672,0,0,1,0,0,0,0,1
3.34758997,1681438643,0.999997437,0.002265505,0,-1.561808705,-0.002265505,0.999997437,0,4.347624302,0,0,1,0,0,0,0,1
3.435659885,1681438643,0.99999845,0.001752484,0,-1.367973804,-0.001752484,0.99999845,0,4.503015995,0,0,1,0,0,0,0,1
3.520349979,1681438643,0.999999821,0.000610766,0,-0.860576749,-0.000610766,0.999999821,0,4.392451763,0,0,1,0,0,0,0,1
3.633620024,1681438643,0.999998212,0.001877892,0,-1.981450677,-0.001877892,0.999998212,0,5.682536602,0,0,1,0,0,0,0,1
3.8005898,1681438643,0.999987364,0.005030688,0,-4.361424446,-0.005030688,0.999987364,0,8.089962006,0,0,1,0,0,0,0,1
3.904609919,1681438643,0.999990106,0.004449803,0,-2.492786407,-0.004449803,0.999990106,0,2.197156668,0,0,1,0,0,0,0,1
3.995539904,1681438644,0.999990106,0.004446617,0,-2.491972446,-0.004446617,0.999990106,0,2.194091558,0,0,1,0,0,0,0,1
4.07047987,1681438644,0.99999547,0.00301037,0,-1.369479179,-0.00301037,0.99999547,0,1.933327913,0,0,1,0,0,0,0,1
4.167569876,1681438644,0.999995351,0.003057515,0,-1.39695859,-0.003057515,0.999995351,0,1.95492661,0,0,1,0,0,0,0,1
4.356379986,1681438644,0.999997914,0.002035006,0,-0.781640291,-0.002035006,0.999997914,0,2.371063709,0,0,1,0,0,0,0,1
4.44825983,1681438644,0.999998808,0.001543339,0,-0.58423245,-0.001543339,0.999998808,0,2.594069958,0,0,1,0,0,0,0,1
4.520679951,1681438644,0.999999225,0.001257162,0,-0.577551603,-0.001257162,0.999999225,0,2.977355242,0,0,1,0,0,0,0,1
4.757279873,1681438644,0.999997556,0.002211121,0,-1.525384665,-0.002211121,0.999997556,0,4.315347672,0,0,1,0,0,0,0,1
4.868499994,1681438644,0.999997437,0.002265505,0,-1.561808705,-0.002265505,0.999997437,0,4.347624302,0,0,1,0,0,0,0,1
4.960169792,1681438644,0.99999845,0.001752484,0,-1.367973804,-0.001752484,0.99999845,0,4.503015995,0,0,1,0,0,0,0,1
5.034359932,1681438645,0.999999821,0.000610766,0,-0.860576749,-0.000610766,0.999999821,0,4.392451763,0,0,1,0,0,0,0,1
5.251539946,1681438645,0.999996305,0.002713992,0,-2.711688757,-0.002713992,0.999996305,0,6.623204708,0,0,1,0,0,0,0,1
5.339030027,1681438645,0.999987364,0.005030688,0,-4.361424446,-0.005030688,0.999987364,0,8.089962006,0,0,1,0,0,0,0,1
5.416639805,1681438645,0.999990106,0.004449803,0,-2.492786407,-0.004449803,0.999990106,0,2.197156668,0,0,1,0,0,0,0,1
5.514139891,1681438645,0.999990106,0.004446617,0,-2.491972446,-0.004446617,0.999990106,0,2.194091558,0,0,1,0,0,0,0,1
5.722309828,1681438645,0.999995351,0.003057515,0,-1.39695859,-0.003057515,0.999995351,0,1.95492661,0,0,1,0,0,0,0,1
5.789629936,1681438645,0.999993801,0.003513956,0,-1.653771996,-0.003513956,0.999993801,0,2.600277662,0,0,1,0,0,0,0,1
5.892619848,1681438645,0.999997914,0.002035006,0,-0.781640291,-0.002035006,0.999997914,0,2.371063709,0,0,1,0,0,0,0,1
6.010900021,1681438646,0.999998808,0.001543339,0,-0.58423245,-0.001543339,0.999998808,0,2.594069958,0,0,1,0,0,0,0,1
6.106969833,1681438646,0.999999225,0.001257162,0,-0.577551603,-0.001257162,0.999999225,0,2.977355242,0,0,1,0,0,0,0,1
6.212669849,1681438646,0.999998808,0.00154916,0,-0.863457024,-0.00154916,0.999998808,0,3.416320562,0,0,1,0,0,0,0,1
6.335989952,1681438646,0.999997556,0.002211121,0,-1.525384665,-0.002211121,0.999997556,0,4.315347672,0,0,1,0,0,0,0,1
6.526249886,1681438646,0.99999845,0.001752484,0,-1.367973804,-0.001752484,0.99999845,0,4.503015995,0,0,1,0,0,0,0,1
6.690299988,1681438646,0.999998212,0.001877892,0,-1.981450677,-0.001877892,0.999998212,0,5.682536602,0,0,1,0,0,0,0,1
6.810199976,1681438646,0.999996305,0.002713992,0,-2.711688757,-0.002713992,0.999996305,0,6.623204708,0,0,1,0,0,0,0,1
7.022709846,1681438647,0.999990106,0.004449803,0,-2.492786407,-0.004449803,0.999990106,0,2.197156668,0,0,1,0,0,0,0,1
7.089679956,1681438647,0.999990106,0.004446617,0,-2.491972446,-0.004446617,0.999990106,0,2.194091558,0,0,1,0,0,0,0,1
7.309399843,1681438647,0.999995351,0.003057515,0,-1.39695859,-0.003057515,0.999995351,0,1.95492661,0,0,1,0,0,0,0,1
7.399919987,1681438647,0.999993801,0.003513956,0,-1.653771996,-0.003513956,0.999993801,0,2.600277662,0,0,1,0,0,0,0,1
7.480029821,1681438647,0.999997914,0.002035006,0,-0.781640291,-0.002035006,0.999997914,0,2.371063709,0,0,1,0,0,0,0,1
7.661409855,1681438647,0.999999225,0.001257162,0,-0.577551603,-0.001257162,0.999999225,0,2.977355242,0,0,1,0,0,0,0,1
7.747419834,1681438647,0.999998808,0.00154916,0,-0.863457024,-0.00154916,0.999998808,0,3.416320562,0,0,1,0,0,0,0,1
7.824100018,1681438647,0.999997556,0.002211121,0,-1.525384665,-0.002211121,0.999997556,0,4.315347672,0,0,1,0,0,0,0,1
7.933650017,1681438647,0.999997437,0.002265505,0,-1.561808705,-0.002265505,0.999997437,0,4.347624302,0,0,1,0,0,0,0,1
8.046569824,1681438648,0.99999845,0.001752484,0,-1.367973804,-0.001752484,0.99999845,0,4.503015995,0,0,1,0,0,0,0,1
8.140269995,1681438648,0.999999821,0.000610766,0,-0.860576749,-0.000610766,0.999999821,0,4.392451763,0,0,1,0,0,0,0,1
8.33818984,1681438648,0.999996305,0.002713992,0,-2.711688757,-0.002713992,0.999996305,0,6.623204708,0,0,1,0,0,0,0,1
8.431609869,1681438648,0.999987364,0.005030688,0,-4.361424446,-0.005030688,0.999987364,0,8.089962006,0,0,1,0,0,0,0,1
8.615099907,1681438648,0.999990106,0.004446617,0,-2.491972446,-0.004446617,0.999990106,0,2.194091558,0,0,1,0,0,0,0,1
8.719549894,1681438648,0.99999547,0.00301037,0,-1.369479179,-0.00301037,0.99999547,0,1.933327913,0,0,1,0,0,0,0,1
8.843159914,1681438648,0.999995351,0.003057515,0,-1.39695859,-0.003057515,0.999995351,0,1.95492661,0,0,1,0,0,0,0,1
9.060719967,1681438649,0.999997914,0.002035006,0,-0.781640291,-0.002035006,0.999997914,0,2.371063709,0,0,1,0,0,0,0,1
9.148589849,1681438649,0.999998808,0.001543339,0,-0.58423245,-0.001543339,0.999998808,0,2.594069958,0,0,1,0,0,0,0,1
9.225819826,1681438649,0.999999225,0.001257162,0,-0.577551603,-0.001257162,0.999999225,0,2.977355242,0,0,1,0,0,0,0,1
9.431049824,1681438649,0.999997556,0.002211121,0,-1.525384665,-0.002211121,0.999997556,0,4.315347672,0,0,1,0,0,0,0,1
9.522300005,1681438649,0.999997437,0.002265505,0,-1.561808705,-0.002265505,0.999997437,0,4.347624302,0,0,1,0,0,0,0,1
9.627460003,1681438649,0.99999845,0.001752484,0,-1.367973804,-0.001752484,0.99999845,0,4.503015995,0,0,1,0,0,0,0,1
9.70991993,1681438649,0.999999821,0.000610766,0,-0.860576749,-0.000610766,0.999999821,0,4.392451763,0,0,1,0,0,0,0,1
9.799160004,1681438649,0.999998212,0.001877892,0,-1.981450677,-0.001877892,0.999998212,0,5.682536602,0,0,1,0,0,0,0,1
10.00757003,1681438650,0.999987364,0.005030688,0,-4.361424446,-0.005030688,0.999987364,0,8.089962006,0,0,1,0,0,0,0,1
10.08199,1681438650,0.999990106,0.004449803,0,-2.492786407,-0.004449803,0.999990106,0,2.197156668,0,0,1,0,0,0,0,1
10.19069982,1681438650,0.999990106,0.004446617,0,-2.491972446,-0.004446617,0.999990106,0,2.194091558,0,0,1,0,0,0,0,1
10.29140997,1681438650,0.99999547,0.00301037,0,-1.369479179,-0.00301037,0.99999547,0,1.933327913,0,0,1,0,0,0,0,1
10.39162993,1681438650,0.999995351,0.003057515,0,-1.39695859,-0.003057515,0.999995351,0,1.95492661,0,0,1,0,0,0,0,1
10.60355997,1681438650,0.999997914,0.002035006,0,-0.781640291,-0.002035006,0.999997914,0,2.371063709,0,0,1,0,0,0,0,1
10.68769002,1681438650,0.999998808,0.001543339,0,-0.58423245,-0.001543339,0.999998808,0,2.594069958,0,0,1,0,0,0,0,1
10.76797986,1681438650,0.999999225,0.001257162,0,-0.577551603,-0.001257162,0.999999225,0,2.977355242,0,0,1,0,0,0,0,1
10.87697983,1681438650,0.999998808,0.00154916,0,-0.863457024,-0.00154916,0.999998808,0,3.416320562,0,0,1,0,0,0,0,1
11.07167983,1681438651,0.999997437,0.002265505,0,-1.561808705,-0.002265505,0.999997437,0,4.347624302,0,0,1,0,0,0,0,1
11.15789986,1681438651,0.99999845,0.001752484,0,-1.367973804,-0.001752484,0.99999845,0,4.503015995,0,0,1,0,0,0,0,1
11.23492002,1681438651,0.999999821,0.000610766,0,-0.860576749,-0.000610766,0.999999821,0,4.392451763,0,0,1,0,0,0,0,1
11.33144999,1681438651,0.999998212,0.001877892,0,-1.981450677,-0.001877892,0.999998212,0,5.682536602,0,0,1,0,0,0,0,1
11.52207994,1681438651,0.999987364,0.005030688,0,-4.361424446,-0.005030688,0.999987364,0,8.089962006,0,0,1,0,0,0,0,1
11.62360001,1681438651,0.999990106,0.004449803,0,-2.492786407,-0.004449803,0.999990106,0,2.197156668,0,0,1,0,0,0,0,1
11.7251699,1681438651,0.999990106,0.004446617,0,-2.491972446,-0.004446617,0.999990106,0,2.194091558,0,0,1,0,0,0,0,1
11.80287981,1681438651,0.99999547,0.00301037,0,-1.369479179,-0.00301037,0.99999547,0,1.933327913,0,0,1,0,0,0,0,1
11.9103899,1681438651,0.999995351,0.003057515,0,-1.39695859,-0.003057515,0.999995351,0,1.95492661,0,0,1,0,0,0,0,1
12.12403989,1681438652,0.999997914,0.002035006,0,-0.781640291,-0.002035006,0.999997914,0,2.371063709,0,0,1,0,0,0,0,1
12.2185998,1681438652,0.999998808,0.001543339,0,-0.58423245,-0.001543339,0.999998808,0,2.594069958,0,0,1,0,0,0,0,1
12.29569983,1681438652,0.999999225,0.001257162,0,-0.577551603,-0.001257162,0.999999225,0,2.977355242,0,0,1,0,0,0,0,1
12.39905,1681438652,0.999998808,0.00154916,0,-0.863457024,-0.00154916,0.999998808,0,3.416320562,0,0,1,0,0,0,0,1
12.50602984,1681438652,0.999997556,0.002211121,0,-1.525384665,-0.002211121,0.999997556,0,4.315347672,0,0,1,0,0,0,0,1
12.70027995,1681438652,0.99999845,0.001752484,0,-1.367973804,-0.001752484,0.99999845,0,4.503015995,0,0,1,0,0,0,0,1
12.78850985,1681438652,0.999999821,0.000610766,0,-0.860576749,-0.000610766,0.999999821,0,4.392451763,0,0,1,0,0,0,0,1
12.87104988,1681438652,0.999998212,0.001877892,0,-1.981450677,-0.001877892,0.999998212,0,5.682536602,0,0,1,0,0,0,0,1
12.9704299,1681438652,0.999996305,0.002713992,0,-2.711688757,-0.002713992,0.999996305,0,6.623204708,0,0,1,0,0,0,0,1
13.08664989,1681438653,0.999987364,0.005030688,0,-4.361424446,-0.005030688,0.999987364,0,8.089962006,0,0,1,0,0,0,0,1
13.30422997,1681438653,0.999990106,0.004446617,0,-2.491972446,-0.004446617,0.999990106,0,2.194091558,0,0,1,0,0,0,0,1
13.38865995,1681438653,0.99999547,0.00301037,0,-1.369479179,-0.00301037,0.99999547,0,1.933327913,0,0,1,0,0,0,0,1
13.47487998,1681438653,0.999995351,0.003057515,0,-1.39695859,-0.003057515,0.999995351,0,1.95492661,0,0,1,0,0,0,0,1
13.56007981,1681438653,0.999993801,0.003513956,0,-1.653771996,-0.003513956,0.999993801,0,2.600277662,0,0,1,0,0,0,0,1
13.77975988,1681438653,0.999998808,0.001543339,0,-0.58423245,-0.001543339,0.999998808,0,2.594069958,0,0,1,0,0,0,0,1
13.8460598,1681438653,0.999999225,0.001257162,0,-0.577551603,-0.001257162,0.999999225,0,2.977355242,0,0,1,0,0,0,0,1
13.94331002,1681438653,0.999998808,0.00154916,0,-0.863457024,-0.00154916,0.999998808,0,3.416320562,0,0,1,0,0,0,0,1
14.06490993,1681438654,0.999997556,0.002211121,0,-1.525384665,-0.002211121,0.999997556,0,4.315347672,0,0,1,0,0,0,0,1
14.26840997,1681438654,0.99999845,0.001752484,0,-1.367973804,-0.001752484,0.99999845,0,4.503015995,0,0,1,0,0,0,0,1
14.35316992,1681438654,0.999999821,0.000610766,0,-0.860576749,-0.000610766,0.999999821,0,4.392451763,0,0,1,0,0,0,0,1
14.42725992,1681438654,0.999998212,0.001877892,0,-1.981450677,-0.001877892,0.999998212,0,5.682536602,0,0,1,0,0,0,0,1
14.51962996,1681438654,0.999996305,0.002713992,0,-2.711688757,-0.002713992,0.999996305,0,6.623204708,0,0,1,0,0,0,0,1
14.63794994,1681438654,0.999987364,0.005030688,0,-4.361424446,-0.005030688,0.999987364,0,8.089962006,0,0,1,0,0,0,0,1
14.72893,1681438654,0.999990106,0.004449803,0,-2.492786407,-0.004449803,0.999990106,0,2.197156668,0,0,1,0,0,0,0,1
14.83676982,1681438654,0.999990106,0.004446617,0,-2.491972446,-0.004446617,0.999990106,0,2.194091558,0,0,1,0,0,0,0,1
15.03964996,1681438655,0.999995351,0.003057515,0,-1.39695859,-0.003057515,0.999995351,0,1.95492661,0,0,1,0,0,0,0,1
15.1323998,1681438655,0.999993801,0.003513956,0,-1.653771996,-0.003513956,0.999993801,0,2.600277662,0,0,1,0,0,0,0,1
15.21153998,1681438655,0.999997914,0.002035006,0,-0.781640291,-0.002035006,0.999997914,0,2.371063709,0,0,1,0,0,0,0,1
15.31842995,1681438655,0.999998808,0.001543339,0,-0.58423245,-0.001543339,0.999998808,0,2.594069958,0,0,1,0,0,0,0,1
15.50773001,1681438655,0.999998808,0.00154916,0,-0.863457024,-0.00154916,0.999998808,0,3.416320562,0,0,1,0,0,0,0,1
15.58780003,1681438655,0.999997556,0.002211121,0,-1.525384665,-0.002211121,0.999997556,0,4.315347672,0,0,1,0,0,0,0,1
15.80234981,1681438655,0.99999845,0.001752484,0,-1.367973804,-0.001752484,0.99999845,0,4.503015995,0,0,1,0,0,0,0,1
16.02905989,1681438656,0.999998212,0.001877892,0,-1.981450677,-0.001877892,0.999998212,0,5.682536602,0,0,1,0,0,0,0,1
16.12364984,1681438656,0.999996305,0.002713992,0,-2.711688757,-0.002713992,0.999996305,0,6.623204708,0,0,1,0,0,0,0,1
16.20640993,1681438656,0.999987364,0.005030688,0,-4.361424446,-0.005030688,0.999987364,0,8.089962006,0,0,1,0,0,0,0,1
16.29080987,1681438656,0.999990106,0.004449803,0,-2.492786407,-0.004449803,0.999990106,0,2.197156668,0,0,1,0,0,0,0,1
16.39731002,1681438656,0.999990106,0.004446617,0,-2.491972446,-0.004446617,0.999990106,0,2.194091558,0,0,1,0,0,0,0,1
16.49754,1681438656,0.99999547,0.00301037,0,-1.369479179,-0.00301037,0.99999547,0,1.933327913,0,0,1,0,0,0,0,1
16.60558987,1681438656,0.999995351,0.003057515,0,-1.39695859,-0.003057515,0.999995351,0,1.95492661,0,0,1,0,0,0,0,1
16.79858994,1681438656,0.999997914,0.002035006,0,-0.781640291,-0.002035006,0.999997914,0,2.371063709,0,0,1,0,0,0,0,1
16.89157987,1681438656,0.999998808,0.001543339,0,-0.58423245,-0.001543339,0.999998808,0,2.594069958,0,0,1,0,0,0,0,1
16.99855995,1681438657,0.999999225,0.001257162,0,-0.577551603,-0.001257162,0.999999225,0,2.977355242,0,0,1,0,0,0,0,1
17.08014989,1681438657,0.999998808,0.00154916,0,-0.863457024,-0.00154916,0.999998808,0,3.416320562,0,0,1,0,0,0,0,1
17.17891979,1681438657,0.999997556,0.002211121,0,-1.525384665,-0.002211121,0.999997556,0,4.315347672,0,0,1,0,0,0,0,1
17.37615991,1681438657,0.99999845,0.001752484,0,-1.367973804,-0.001752484,0.99999845,0,4.503015995,0,0,1,0,0,0,0,1
17.47011995,1681438657,0.999999821,0.000610766,0,-0.860576749,-0.000610766,0.999999821,0,4.392451763,0,0,1,0,0,0,0,1
17.57938981,1681438657,0.999998212,0.001877892,0,-1.981450677,-0.001877892,0.999998212,0,5.682536602,0,0,1,0,0,0,0,1
17.65387988,1681438657,0.999996305,0.002713992,0,-2.711688757,-0.002713992,0.999996305,0,6.623204708,0,0,1,0,0,0,0,1
17.84914994,1681438657,0.999990106,0.004449803,0,-2.492786407,-0.004449803,0.999990106,0,2.197156668,0,0,1,0,0,0,0,1
17.95340991,1681438657,0.999990106,0.004446617,0,-2.491972446,-0.004446617,0.999990106,0,2.194091558,0,0,1,0,0,0,0,1
18.02854991,1681438658,0.99999547,0.00301037,0,-1.369479179,-0.00301037,0.99999547,0,1.933327913,0,0,1,0,0,0,0,1
18.12082982,1681438658,0.999995351,0.003057515,0,-1.39695859,-0.003057515,0.999995351,0,1.95492661,0,0,1,0,0,0,0,1
18.23205996,1681438658,0.999993801,0.003513956,0,-1.653771996,-0.003513956,0.999993801,0,2.600277662,0,0,1,0,0,0,0,1
18.45875001,1681438658,0.999998808,0.001543339,0,-0.58423245,-0.001543339,0.999998808,0,2.594069958,0,0,1,0,0,0,0,1
18.55345988,1681438658,0.999999225,0.001257162,0,-0.577551603,-0.001257162,0.999999225,0,2.977355242,0,0,1,0,0,0,0,1
18.72108984,1681438658,0.999997556,0.002211121,0,-1.525384665,-0.002211121,0.999997556,0,4.315347672,0,0,1,0,0,0,0,1
18.8163898,1681438658,0.999997437,0.002265505,0,-1.561808705,-0.002265505,0.999997437,0,4.347624302,0,0,1,0,0,0,0,1
18.94168997,1681438658,0.99999845,0.001752484,0,-1.367973804,-0.001752484,0.99999845,0,4.503015995,0,0,1,0,0,0,0,1
19.13028002,1681438659,0.999998212,0.001877892,0,-1.981450677,-0.001877892,0.999998212,0,5.682536602,0,0,1,0,0,0,0,1
19.22624993,1681438659,0.999996305,0.002713992,0,-2.711688757,-0.002713992,0.999996305,0,6.623204708,0,0,1,0,0,0,0,1
19.30537987,1681438659,0.999987364,0.005030688,0,-4.361424446,-0.005030688,0.999987364,0,8.089962006,0,0,1,0,0,0,0,1
19.3914299,1681438659,0.999990106,0.004449803,0,-2.492786407,-0.004449803,0.999990106,0,2.197156668,0,0,1,0,0,0,0,1
19.58632994,1681438659,0.99999547,0.00301037,0,-1.369479179,-0.00301037,0.99999547,0,1.933327913,0,0,1,0,0,0,0,1
19.66060996,1681438659,0.999995351,0.003057515,0,-1.39695859,-0.003057515,0.999995351,0,1.95492661,0,0,1,0,0,0,0,1
19.76701999,1681438659,0.999993801,0.003513956,0,-1.653771996,-0.003513956,0.999993801,0,2.600277662,0,0,1,0,0,0,0,1
19.8734498,1681438659,0.999997914,0.002035006,0,-0.781640291,-0.002035006,0.999997914,0,2.371063709,0,0,1,0,0,0,0,1
20.07525992,1681438660,0.999999225,0.001257162,0,-0.577551603,-0.001257162,0.999999225,0,2.977355242,0,0,1,0,0,0,0,1
20.19964981,1681438660,0.999998808,0.00154916,0,-0.863457024,-0.00154916,0.999998808,0,3.416320562,0,0,1,0,0,0,0,1
20.30384994,1681438660,0.999997556,0.002211121,0,-1.525384665,-0.002211121,0.999997556,0,4.315347672,0,0,1,0,0,0,0,1
20.38854003,1681438660,0.999997437,0.002265505,0,-1.561808705,-0.002265505,0.999997437,0,4.347624302,0,0,1,0,0,0,0,1
20.48520994,1681438660,0.99999845,0.001752484,0,-1.367973804,-0.001752484,0.99999845,0,4.503015995,0,0,1,0,0,0,0,1
20.69259,1681438660,0.999998212,0.001877892,0,-1.981450677,-0.001877892,0.999998212,0,5.682536602,0,0,1,0,0,0,0,1
20.7613399,1681438660,0.999996305,0.002713992,0,-2.711688757,-0.002713992,0.999996305,0,6.623204708,0,0,1,0,0,0,0,1
20.87898993,1681438660,0.999987364,0.005030688,0,-4.361424446,-0.005030688,0.999987364,0,8.089962006,0,0,1,0,0,0,0,1
20.98652983,1681438661,0.999990106,0.004449803,0,-2.492786407,-0.004449803,0.999990106,0,2.197156668,0,0,1,0,0,0,0,1
21.17630982,1681438661,0.99999547,0.00301037,0,-1.369479179,-0.00301037,0.99999547,0,1.933327913,0,0,1,0,0,0,0,1
21.26046991,1681438661,0.999995351,0.003057515,0,-1.39695859,-0.003057515,0.999995351,0,1.95492661,0,0,1,0,0,0,0,1
21.34123993,1681438661,0.999993801,0.003513956,0,-1.653771996,-0.003513956,0.999993801,0,2.600277662,0,0,1,0,0,0,0,1
21.4484098,1681438661,0.999997914,0.002035006,0,-0.781640291,-0.002035006,0.999997914,0,2.371063709,0,0,1,0,0,0,0,1
21.68754983,1681438661,0.999999225,0.001257162,0,-0.577551603,-0.001257162,0.999999225,0,2.977355242,0,0,1,0,0,0,0,1
21.75865984,1681438661,0.999998808,0.00154916,0,-0.863457024,-0.00154916,0.999998808,0,3.416320562,0,0,1,0,0,0,0,1
21.87895989,1681438661,0.999997556,0.002211121,0,-1.525384665,-0.002211121,0.999997556,0,4.315347672,0,0,1,0,0,0,0,1
21.97362995,1681438661,0.999997437,0.002265505,0,-1.561808705,-0.002265505,0.999997437,0,4.347624302,0,0,1,0,0,0,0,1
22.17570996,1681438662,0.999999821,0.000610766,0,-0.860576749,-0.000610766,0.999999821,0,4.392451763,0,0,1,0,0,0,0,1
22.27952981,1681438662,0.999998212,0.001877892,0,-1.981450677,-0.001877892,0.999998212,0,5.682536602,0,0,1,0,0,0,0,1
22.37503982,1681438662,0.999996305,0.002713992,0,-2.711688757,-0.002713992,0.999996305,0,6.623204708,0,0,1,0,0,0,0,1
22.45375991,1681438662,0.999987364,0.005030688,0,-4.361424446,-0.005030688,0.999987364,0,8.089962006,0,0,1,0,0,0,0,1
22.55377984,1681438662,0.999990106,0.004449803,0,-2.492786407,-0.004449803,0.999990106,0,2.197156668,0,0,1,0,0,0,0,1
22.75171995,1681438662,0.99999547,0.00301037,0,-1.369479179,-0.00301037,0.99999547,0,1.933327913,0,0,1,0,0,0,0,1
22.8482399,1681438662,0.999995351,0.003057515,0,-1.39695859,-0.003057515,0.999995351,0,1.95492661,0,0,1,0,0,0,0,1
23.03662992,1681438663,0.999997914,0.002035006,0,-0.781640291,-0.002035006,0.999997914,0,2.371063709,0,0,1,0,0,0,0,1
23.10908985,1681438663,0.999998808,0.001543339,0,-0.58423245,-0.001543339,0.999998808,0,2.594069958,0,0,1,0,0,0,0,1
23.21379995,1681438663,0.999999225,0.001257162,0,-0.577551603,-0.001257162,0.999999225,0,2.977355242,0,0,1,0,0,0,0,1
23.32756996,1681438663,0.999998808,0.00154916,0,-0.863457024,-0.00154916,0.999998808,0,3.416320562,0,0,1,0,0,0,0,1
23.4483099,1681438663,0.999997556,0.002211121,0,-1.525384665,-0.002211121,0.999997556,0,4.315347672,0,0,1,0,0,0,0,1
23.66001987,1681438663,0.99999845,0.001752484,0,-1.367973804,-0.001752484,0.99999845,0,4.503015995,0,0,1,0,0,0,0,1
23.76330996,1681438663,0.999999821,0.000610766,0,-0.860576749,-0.000610766,0.999999821,0,4.392451763,0,0,1,0,0,0,0,1
23.8623898,1681438663,0.999998212,0.001877892,0,-1.981450677,-0.001877892,0.999998212,0,5.682536602,0,0,1,0,0,0,0,1
23.97166991,1681438663,0.999996305,0.002713992,0,-2.711688757,-0.002713992,0.999996305,0,6.623204708,0,0,1,0,0,0,0,1
24.0496099,1681438664,0.999987364,0.005030688,0,-4.361424446,-0.005030688,0.999987364,0,8.089962006,0,0,1,0,0,0,0,1
24.15977001,1681438664,0.999990106,0.004449803,0,-2.492786407,-0.004449803,0.999990106,0,2.197156668,0,0,1,0,0,0,0,1
24.25112987,1681438664,0.999990106,0.004446617,0,-2.491972446,-0.004446617,0.999990106,0,2.194091558,0,0,1,0,0,0,0,1
24.4435699,1681438664,0.999995351,0.003057515,0,-1.39695859,-0.003057515,0.999995351,0,1.95492661,0,0,1,0,0,0,0,1
24.51268983,1681438664,0.999993801,0.003513956,0,-1.653771996,-0.003513956,0.999993801,0,2.600277662,0,0,1,0,0,0,0,1
24.61150002,1681438664,0.999997914,0.002035006,0,-0.781640291,-0.002035006,0.999997914,0,2.371063709,0,0,1,0,0,0,0,1
24.86541986,1681438664,0.999999225,0.001257162,0,-0.577551603,-0.001257162,0.999999225,0,2.977355242,0,0,1,0,0,0,0,1
24.96256995,1681438664,0.999998808,0.00154916,0,-0.863457024,-0.00154916,0.999998808,0,3.416320562,0,0,1,0,0,0,0,1
25.04149985,1681438665,0.999997556,0.002211121,0,-1.525384665,-0.002211121,0.999997556,0,4.315347672,0,0,1,0,0,0,0,1
25.22228003,1681438665,0.99999845,0.001752484,0,-1.367973804,-0.001752484,0.99999845,0,4.503015995,0,0,1,0,0,0,0,1
25.32030988,1681438665,0.999999821,0.000610766,0,-0.860576749,-0.000610766,0.999999821,0,4.392451763,0,0,1,0,0,0,0,1
25.39701986,1681438665,0.999998212,0.001877892,0,-1.981450677,-0.001877892,0.999998212,0,5.682536602,0,0,1,0,0,0,0,1
25.49960995,1681438665,0.999996305,0.002713992,0,-2.711688757,-0.002713992,0.999996305,0,6.623204708,0,0,1,0,0,0,0,1
25.60839987,1681438665,0.999987364,0.005030688,0,-4.361424446,-0.005030688,0.999987364,0,8.089962006,0,0,1,0,0,0,0,1
25.80835986,1681438665,0.999990106,0.004446617,0,-2.491972446,-0.004446617,0.999990106,0,2.194091558,0,0,1,0,0,0,0,1
25.90680981,1681438665,0.99999547,0.00301037,0,-1.369479179,-0.00301037,0.99999547,0,1.933327913,0,0,1,0,0,0,0,1
25.9962399,1681438666,0.999995351,0.003057515,0,-1.39695859,-0.003057515,0.999995351,0,1.95492661,0,0,1,0,0,0,0,1
26.08026981,1681438666,0.999993801,0.003513956,0,-1.653771996,-0.003513956,0.999993801,0,2.600277662,0,0,1,0,0,0,0,1
26.20186996,1681438666,0.999997914,0.002035006,0,-0.781640291,-0.002035006,0.999997914,0,2.371063709,0,0,1,0,0,0,0,1
26.39632988,1681438666,0.999999225,0.001257162,0,-0.577551603,-0.001257162,0.999999225,0,2.977355242,0,0,1,0,0,0,0,1
26.48777986,1681438666,0.999998808,0.00154916,0,-0.863457024,-0.00154916,0.999998808,0,3.416320562,0,0,1,0,0,0,0,1
26.69768,1681438666,0.999997437,0.002265505,0,-1.561808705,-0.002265505,0.999997437,0,4.347624302,0,0,1,0,0,0,0,1
26.79717994,1681438666,0.99999845,0.001752484,0,-1.367973804,-0.001752484,0.99999845,0,4.503015995,0,0,1,0,0,0,0,1
27.00141001,1681438667,0.999998212,0.001877892,0,-1.981450677,-0.001877892,0.999998212,0,5.682536602,0,0,1,0,0,0,0,1
27.09453988,1681438667,0.999996305,0.002713992,0,-2.711688757,-0.002713992,0.999996305,0,6.623204708,0,0,1,0,0,0,0,1
27.22146988,1681438667,0.999987364,0.005030688,0,-4.361424446,-0.005030688,0.999987364,0,8.089962006,0,0,1,0,0,0,0,1
27.32431984,1681438667,0.999990106,0.004449803,0,-2.492786407,-0.004449803,0.999990106,0,2.197156668,0,0,1,0,0,0,0,1
27.59179997,1681438667,0.999995351,0.003057515,0,-1.39695859,-0.003057515,0.999995351,0,1.95492661,0,0,1,0,0,0,0,1
27.80243993,1681438667,0.999997914,0.002035006,0,-0.781640291,-0.002035006,0.999997914,0,2.371063709,0,0,1,0,0,0,0,1
27.89866996,1681438667,0.999998808,0.001543339,0,-0.58423245,-0.001543339,0.999998808,0,2.594069958,0,0,1,0,0,0,0,1
27.97420001,1681438667,0.999999225,0.001257162,0,-0.577551603,-0.001257162,0.999999225,0,2.977355242,0,0,1,0,0,0,0,1
28.15226984,1681438668,0.999997556,0.002211121,0,-1.525384665,-0.002211121,0.999997556,0,4.315347672,0,0,1,0,0,0,0,1
28.24713993,1681438668,0.999997437,0.002265505,0,-1.561808705,-0.002265505,0.999997437,0,4.347624302,0,0,1,0,0,0,0,1
28.33053994,1681438668,0.99999845,0.001752484,0,-1.367973804,-0.001752484,0.99999845,0,4.503015995,0,0,1,0,0,0,0,1
28.42336988,1681438668,0.999999821,0.000610766,0,-0.860576749,-0.000610766,0.999999821,0,4.392451763,0,0,1,0,0,0,0,1
28.62307,1681438668,0.999996305,0.002713992,0,-2.711688757,-0.002713992,0.999996305,0,6.623204708,0,0,1,0,0,0,0,1
28.71955991,1681438668,0.999987364,0.005030688,0,-4.361424446,-0.005030688,0.999987364,0,8.089962006,0,0,1,0,0,0,0,1
28.81678987,1681438668,0.999990106,0.004449803,0,-2.492786407,-0.004449803,0.999990106,0,2.197156668,0,0,1,0,0,0,0,1
28.89673996,1681438668,0.999990106,0.004446617,0,-2.491972446,-0.004446617,0.999990106,0,2.194091558,0,0,1,0,0,0,0,1
29.07849002,1681438669,0.999995351,0.003057515,0,-1.39695859,-0.003057515,0.999995351,0,1.95492661,0,0,1,0,0,0,0,1
29.18424988,1681438669,0.999993801,0.003513956,0,-1.653771996,-0.003513956,0.999993801,0,2.600277662,0,0,1,0,0,0,0,1
29.27964997,1681438669,0.999997914,0.002035006,0,-0.781640291,-0.002035006,0.999997914,0,2.371063709,0,0,1,0,0,0,0,1
29.35663986,1681438669,0.999998808,0.001543339,0,-0.58423245,-0.001543339,0.999998808,0,2.594069958,0,0,1,0,0,0,0,1
29.57208991,1681438669,0.999998808,0.00154916,0,-0.863457024,-0.00154916,0.999998808,0,3.416320562,0,0,1,0,0,0,0,1
29.66763997,1681438669,0.999997556,0.002211121,0,-1.525384665,-0.002211121,0.999997556,0,4.315347672,0,0,1,0,0,0,0,1
29.74797988,1681438669,0.999997437,0.002265505,0,-1.561808705,-0.002265505,0.999997437,0,4.347624302,0,0,1,0,0,0,0,1
29.85913992,1681438669,0.99999845,0.001752484,0,-1.367973804,-0.001752484,0.99999845,0,4.503015995,0,0,1,0,0,0,0,1
29.97303987,1681438669,0.999999821,0.000610766,0,-0.860576749,-0.000610766,0.999999821,0,4.392451763,0,0,1,0,0,0,0,1
30.09590983,1681438670,0.999998212,0.001877892,0,-1.981450677,-0.001877892,0.999998212,0,5.682536602,0,0,1,0,0,0,0,1
30.20825982,1681438670,0.999996305,0.002713992,0,-2.711688757,-0.002713992,0.999996305,0,6.623204708,0,0,1,0,0,0,0,1
30.40050983,1681438670,0.999990106,0.004449803,0,-2.492786407,-0.004449803,0.999990106,0,2.197156668,0,0,1,0,0,0,0,1
30.48690987,1681438670,0.999990106,0.004446617,0,-2.491972446,-0.004446617,0.999990106,0,2.194091558,0,0,1,0,0,0,0,1
30.56842995,1681438670,0.99999547,0.00301037,0,-1.369479179,-0.00301037,0.99999547,0,1.933327913,0,0,1,0,0,0,0,1
30.79146981,1681438670,0.999993801,0.003513956,0,-1.653771996,-0.003513956,0.999993801,0,2.600277662,0,0,1,0,0,0,0,1
30.8636198,1681438670,0.999997914,0.002035006,0,-0.781640291,-0.002035006,0.999997914,0,2.371063709,0,0,1,0,0,0,0,1
30.95118999,1681438670,0.999998808,0.001543339,0,-0.58423245,-0.001543339,0.999998808,0,2.594069958,0,0,1,0,0,0,0,1
31.15959001,1681438671,0.999998808,0.00154916,0,-0.863457024,-0.00154916,0.999998808,0,3.416320562,0,0,1,0,0,0,0,1
31.23781991,1681438671,0.999997556,0.002211121,0,-1.525384665,-0.002211121,0.999997556,0,4.315347672,0,0,1,0,0,0,0,1
31.32799983,1681438671,0.999997437,0.002265505,0,-1.561808705,-0.002265505,0.999997437,0,4.347624302,0,0,1,0,0,0,0,1
31.52914,1681438671,0.999999821,0.000610766,0,-0.860576749,-0.000610766,0.999999821,0,4.392451763,0,0,1,0,0,0,0,1
31.62059999,1681438671,0.999998212,0.001877892,0,-1.981450677,-0.001877892,0.999998212,0,5.682536602,0,0,1,0,0,0,0,1
31.6989398,1681438671,0.999996305,0.002713992,0,-2.711688757,-0.002713992,0.999996305,0,6.623204708,0,0,1,0,0,0,0,1
31.80605984,1681438671,0.999987364,0.005030688,0,-4.361424446,-0.005030688,0.999987364,0,8.089962006,0,0,1,0,0,0,0,1
32.00336981,1681438672,0.999990106,0.004446617,0,-2.491972446,-0.004446617,0.999990106,0,2.194091558,0,0,1,0,0,0,0,1
32.07572985,1681438672,0.99999547,0.00301037,0,-1.369479179,-0.00301037,0.99999547,0,1.933327913,0,0,1,0,0,0,0,1
32.28361988,1681438672,0.999993801,0.003513956,0,-1.653771996,-0.003513956,0.999993801,0,2.600277662,0,0,1,0,0,0,0,1
32.36992002,1681438672,0.999997914,0.002035006,0,-0.781640291,-0.002035006,0.999997914,0,2.371063709,0,0,1,0,0,0,0,1
32.55279994,1681438672,0.999999225,0.001257162,0,-0.577551603,-0.001257162,0.999999225,0,2.977355242,0,0,1,0,0,0,0,1
32.6388998,1681438672,0.999998808,0.00154916,0,-0.863457024,-0.00154916,0.999998808,0,3.416320562,0,0,1,0,0,0,0,1
32.72019982,1681438672,0.999997556,0.002211121,0,-1.525384665,-0.002211121,0.999997556,0,4.315347672,0,0,1,0,0,0,0,1
32.84365988,1681438672,0.999997437,0.002265505,0,-1.561808705,-0.002265505,0.999997437,0,4.347624302,0,0,1,0,0,0,0,1
32.94521999,1681438672,0.99999845,0.001752484,0,-1.367973804,-0.001752484,0.99999845,0,4.503015995,0,0,1,0,0,0,0,1
33.0555799,1681438673,0.999999821,0.000610766,0,-0.860576749,-0.000610766,0.999999821,0,4.392451763,0,0,1,0,0,0,0,1
33.23627996,1681438673,0.999996305,0.002713992,0,-2.711688757,-0.002713992,0.999996305,0,6.623204708,0,0,1,0,0,0,0,1
33.32036996,1681438673,0.999987364,0.005030688,0,-4.361424446,-0.005030688,0.999987364,0,8.089962006,0,0,1,0,0,0,0,1
33.39454985,1681438673,0.999990106,0.004449803,0,-2.492786407,-0.004449803,0.999990106,0,2.197156668,0,0,1,0,0,0,0,1
33.59154987,1681438673,0.99999547,0.00301037,0,-1.369479179,-0.00301037,0.99999547,0,1.933327913,0,0,1,0,0,0,0,1
33.66404986,1681438673,0.999995351,0.003057515,0,-1.39695859,-0.003057515,0.999995351,0,1.95492661,0,0,1,0,0,0,0,1
33.87548995,1681438673,0.999997914,0.002035006,0,-0.781640291,-0.002035006,0.999997914,0,2.371063709,0,0,1,0,0,0,0,1
33.94055986,1681438673,0.999998808,0.001543339,0,-0.58423245,-0.001543339,0.999998808,0,2.594069958,0,0,1,0,0,0,0,1
34.12758994,1681438674,0.999998808,0.00154916,0,-0.863457024,-0.00154916,0.999998808,0,3.416320562,0,0,1,0,0,0,0,1
34.21237993,1681438674,0.999997556,0.002211121,0,-1.525384665,-0.002211121,0.999997556,0,4.315347672,0,0,1,0,0,0,0,1
34.28411984,1681438674,0.999997437,0.002265505,0,-1.561808705,-0.002265505,0.999997437,0,4.347624302,0,0,1,0,0,0,0,1
34.37220001,1681438674,0.99999845,0.001752484,0,-1.367973804,-0.001752484,0.99999845,0,4.503015995,0,0,1,0,0,0,0,1
34.5724299,1681438674,0.999998212,0.001877892,0,-1.981450677,-0.001877892,0.999998212,0,5.682536602,0,0,1,0,0,0,0,1
34.66768003,1681438674,0.999996305,0.002713992,0,-2.711688757,-0.002713992,0.999996305,0,6.623204708,0,0,1,0,0,0,0,1
34.74325991,1681438674,0.999987364,0.005030688,0,-4.361424446,-0.005030688,0.999987364,0,8.089962006,0,0,1,0,0,0,0,1
34.85456991,1681438674,0.999990106,0.004449803,0,-2.492786407,-0.004449803,0.999990106,0,2.197156668,0,0,1,0,0,0,0,1
35.05764985,1681438675,0.99999547,0.00301037,0,-1.369479179,-0.00301037,0.99999547,0,1.933327913,0,0,1,0,0,0,0,1
35.18507981,1681438675,0.999995351,0.003057515,0,-1.39695859,-0.003057515,0.999995351,0,1.95492661,0,0,1,0,0,0,0,1
35.27920985,1681438675,0.999993801,0.003513956,0,-1.653771996,-0.003513956,0.999993801,0,2.600277662,0,0,1,0,0,0,0,1
35.35456991,1681438675,0.999997914,0.002035006,0,-0.781640291,-0.002035006,0.999997914,0,2.371063709,0,0,1,0,0,0,0,1
35.45566988,1681438675,0.999998808,0.001543339,0,-0.58423245,-0.001543339,0.999998808,0,2.594069958,0,0,1,0,0,0,0,1
35.65246987,1681438675,0.999998808,0.00154916,0,-0.863457024,-0.00154916,0.999998808,0,3.416320562,0,0,1,0,0,0,0,1
35.81153989,1681438675,0.999997437,0.002265505,0,-1.561808705,-0.002265505,0.999997437,0,4.347624302,0,0,1,0,0,0,0,1
35.91184998,1681438675,0.99999845,0.001752484,0,-1.367973804,-0.001752484,0.99999845,0,4.503015995,0,0,1,0,0,0,0,1
35.9912498,1681438676,0.999999821,0.000610766,0,-0.860576749,-0.000610766,0.999999821,0,4.392451763,0,0,1,0,0,0,0,1
36.07749987,1681438676,0.999998212,0.001877892,0,-1.981450677,-0.001877892,0.999998212,0,5.682536602,0,0,1,0,0,0,0,1
36.18447995,1681438676,0.999996305,0.002713992,0,-2.711688757,-0.002713992,0.999996305,0,6.623204708,0,0,1,0,0,0,0,1
36.39673996,1681438676,0.999990106,0.004449803,0,-2.492786407,-0.004449803,0.999990106,0,2.197156668,0,0,1,0,0,0,0,1
36.49248981,1681438676,0.999990106,0.004446617,0,-2.491972446,-0.004446617,0.999990106,0,2.194091558,0,0,1,0,0,0,0,1
36.56802988,1681438676,0.99999547,0.00301037,0,-1.369479179,-0.00301037,0.99999547,0,1.933327913,0,0,1,0,0,0,0,1
36.77441001,1681438676,0.999993801,0.003513956,0,-1.653771996,-0.003513956,0.999993801,0,2.600277662,0,0,1,0,0,0,0,1
36.87131,1681438676,0.999997914,0.002035006,0,-0.781640291,-0.002035006,0.999997914,0,2.371063709,0,0,1,0,0,0,0,1
36.95004988,1681438676,0.999998808,0.001543339,0,-0.58423245,-0.001543339,0.999998808,0,2.594069958,0,0,1,0,0,0,0,1
37.05713987,1681438677,0.999999225,0.001257162,0,-0.577551603,-0.001257162,0.999999225,0,2.977355242,0,0,1,0,0,0,0,1
37.25627995,1681438677,0.999997556,0.002211121,0,-1.525384665,-0.002211121,0.999997556,0,4.315347672,0,0,1,0,0,0,0,1
37.32831001,1681438677,0.999997437,0.002265505,0,-1.561808705,-0.002265505,0.999997437,0,4.347624302,0,0,1,0,0,0,0,1
37.43506002,1681438677,0.99999845,0.001752484,0,-1.367973804,-0.001752484,0.99999845,0,4.503015995,0,0,1,0,0,0,0,1
37.52645993,1681438677,0.999999821,0.000610766,0,-0.860576749,-0.000610766,0.999999821,0,4.392451763,0,0,1,0,0,0,0,1
37.75759983,1681438677,0.999996305,0.002713992,0,-2.711688757,-0.002713992,0.999996305,0,6.623204708,0,0,1,0,0,0,0,1
37.85418987,1681438677,0.999987364,0.005030688,0,-4.361424446,-0.005030688,0.999987364,0,8.089962006,0,0,1,0,0,0,0,1
37.92640996,1681438677,0.999990106,0.004449803,0,-2.492786407,-0.004449803,0.999990106,0,2.197156668,0,0,1,0,0,0,0,1
38.04527998,1681438678,0.999990106,0.004446617,0,-2.491972446,-0.004446617,0.999990106,0,2.194091558,0,0,1,0,0,0,0,1
38.24054003,1681438678,0.999995351,0.003057515,0,-1.39695859,-0.003057515,0.999995351,0,1.95492661,0,0,1,0,0,0,0,1
38.30992985,1681438678,0.999993801,0.003513956,0,-1.653771996,-0.003513956,0.999993801,0,2.600277662,0,0,1,0,0,0,0,1
38.40716982,1681438678,0.999997914,0.002035006,0,-0.781640291,-0.002035006,0.999997914,0,2.371063709,0,0,1,0,0,0,0,1
38.60763001,1681438678,0.999999225,0.001257162,0,-0.577551603,-0.001257162,0.999999225,0,2.977355242,0,0,1,0,0,0,0,1
38.68711996,1681438678,0.999998808,0.00154916,0,-0.863457024,-0.00154916,0.999998808,0,3.416320562,0,0,1,0,0,0,0,1
38.76906991,1681438678,0.999997556,0.002211121,0,-1.525384665,-0.002211121,0.999997556,0,4.315347672,0,0,1,0,0,0,0,1
38.87690997,1681438678,0.999997437,0.002265505,0,-1.561808705,-0.002265505,0.999997437,0,4.347624302,0,0,1,0,0,0,0,1
39.07304001,1681438679,0.999999821,0.000610766,0,-0.860576749,-0.000610766,0.999999821,0,4.392451763,0,0,1,0,0,0,0,1
39.18260002,1681438679,0.999998212,0.001877892,0,-1.981450677,-0.001877892,0.999998212,0,5.682536602,0,0,1,0,0,0,0,1
39.25398993,1681438679,0.999996305,0.002713992,0,-2.711688757,-0.002713992,0.999996305,0,6.623204708,0,0,1,0,0,0,0,1
39.35376,1681438679,0.999987364,0.005030688,0,-4.361424446,-0.005030688,0.999987364,0,8.089962006,0,0,1,0,0,0,0,1
39.45797992,1681438679,0.999990106,0.004449803,0,-2.492786407,-0.004449803,0.999990106,0,2.197156668,0,0,1,0,0,0,0,1
39.65699983,1681438679,0.99999547,0.00301037,0,-1.369479179,-0.00301037,0.99999547,0,1.933327913,0,0,1,0,0,0,0,1
39.73543,1681438679,0.999995351,0.003057515,0,-1.39695859,-0.003057515,0.999995351,0,1.95492661,0,0,1,0,0,0,0,1
39.83999991,1681438679,0.999993801,0.003513956,0,-1.653771996,-0.003513956,0.999993801,0,2.600277662,0,0,1,0,0,0,0,1
40.03108001,1681438680,0.999998808,0.001543339,0,-0.58423245,-0.001543339,0.999998808,0,2.594069958,0,0,1,0,0,0,0,1
40.10120988,1681438680,0.999999225,0.001257162,0,-0.577551603,-0.001257162,0.999999225,0,2.977355242,0,0,1,0,0,0,0,1
40.20355988,1681438680,0.999998808,0.00154916,0,-0.863457024,-0.00154916,0.999998808,0,3.416320562,0,0,1,0,0,0,0,1
40.39954996,1681438680,0.999997437,0.002265505,0,-1.561808705,-0.002265505,0.999997437,0,4.347624302,0,0,1,0,0,0,0,1
40.48461986,1681438680,0.99999845,0.001752484,0,-1.367973804,-0.001752484,0.99999845,0,4.503015995,0,0,1,0,0,0,0,1
40.56237984,1681438680,0.999999821,0.000610766,0,-0.860576749,-0.000610766,0.999999821,0,4.392451763,0,0,1,0,0,0,0,1
40.66265988,1681438680,0.999998212,0.001877892,0,-1.981450677,-0.001877892,0.999998212,0,5.682536602,0,0,1,0,0,0,0,1
40.86849999,1681438680,0.999987364,0.005030688,0,-4.361424446,-0.005030688,0.999987364,0,8.089962006,0,0,1,0,0,0,0,1
40.9515698,1681438680,0.999990106,0.004449803,0,-2.492786407,-0.004449803,0.999990106,0,2.197156668,0,0,1,0,0,0,0,1
41.03354001,1681438681,0.999990106,0.004446617,0,-2.491972446,-0.004446617,0.999990106,0,2.194091558,0,0,1,0,0,0,0,1
41.14074993,1681438681,0.99999547,0.00301037,0,-1.369479179,-0.00301037,0.99999547,0,1.933327913,0,0,1,0,0,0,0,1
41.24756002,1681438681,0.999995351,0.003057515,0,-1.39695859,-0.003057515,0.999995351,0,1.95492661,0,0,1,0,0,0,0,1
41.43132997,1681438681,0.999997914,0.002035006,0,-0.781640291,-0.002035006,0.999997914,0,2.371063709,0,0,1,0,0,0,0,1
41.52927995,1681438681,0.999998808,0.001543339,0,-0.58423245,-0.001543339,0.999998808,0,2.594069958,0,0,1,0,0,0,0,1
41.60402989,1681438681,0.999999225,0.001257162,0,-0.577551603,-0.001257162,0.999999225,0,2.977355242,0,0,1,0,0,0,0,1
41.79165983,1681438681,0.999997556,0.002211121,0,-1.525384665,-0.002211121,0.999997556,0,4.315347672,0,0,1,0,0,0,0,1
41.86716986,1681438681,0.999997437,0.002265505,0,-1.561808705,-0.002265505,0.999997437,0,4.347624302,0,0,1,0,0,0,0,1
41.95243001,1681438681,0.99999845,0.001752484,0,-1.367973804,-0.001752484,0.99999845,0,4.503015995,0,0,1,0,0,0,0,1
42.06795001,1681438682,0.999999821,0.000610766,0,-0.860576749,-0.000610766,0.999999821,0,4.392451763,0,0,1,0,0,0,0,1
42.26853991,1681438682,0.999996305,0.002713992,0,-2.711688757,-0.002713992,0.999996305,0,6.623204708,0,0,1,0,0,0,0,1
42.36417985,1681438682,0.999987364,0.005030688,0,-4.361424446,-0.005030688,0.999987364,0,8.089962006,0,0,1,0,0,0,0,1
42.44586992,1681438682,0.999990106,0.004449803,0,-2.492786407,-0.004449803,0.999990106,0,2.197156668,0,0,1,0,0,0,0,1
42.63438988,1681438682,0.99999547,0.00301037,0,-1.369479179,-0.00301037,0.99999547,0,1.933327913,0,0,1,0,0,0,0,1
42.73488998,1681438682,0.999995351,0.003057515,0,-1.39695859,-0.003057515,0.999995351,0,1.95492661,0,0,1,0,0,0,0,1
42.80658984,1681438682,0.999993801,0.003513956,0,-1.653771996,-0.003513956,0.999993801,0,2.600277662,0,0,1,0,0,0,0,1
42.90356994,1681438682,0.999997914,0.002035006,0,-0.781640291,-0.002035006,0.999997914,0,2.371063709,0,0,1,0,0,0,0,1
43.09639001,1681438683,0.999999225,0.001257162,0,-0.577551603,-0.001257162,0.999999225,0,2.977355242,0,0,1,0,0,0,0,1
43.17373991,1681438683,0.999998808,0.00154916,0,-0.863457024,-0.00154916,0.999998808,0,3.416320562,0,0,1,0,0,0,0,1
43.26654983,1681438683,0.999997556,0.002211121,0,-1.525384665,-0.002211121,0.999997556,0,4.315347672,0,0,1,0,0,0,0,1
43.4763,1681438683,0.99999845,0.001752484,0,-1.367973804,-0.001752484,0.99999845,0,4.503015995,0,0,1,0,0,0,0,1
43.5676198,1681438683,0.999999821,0.000610766,0,-0.860576749,-0.000610766,0.999999821,0,4.392451763,0,0,1,0,0,0,0,1
43.74133992,1681438683,0.999996305,0.002713992,0,-2.711688757,-0.002713992,0.999996305,0,6.623204708,0,0,1,0,0,0,0,1
43.83521986,1681438683,0.999987364,0.005030688,0,-4.361424446,-0.005030688,0.999987364,0,8.089962006,0,0,1,0,0,0,0,1
43.91494989,1681438683,0.999990106,0.004449803,0,-2.492786407,-0.004449803,0.999990106,0,2.197156668,0,0,1,0,0,0,0,1
44.01009989,1681438684,0.999990106,0.004446617,0,-2.491972446,-0.004446617,0.999990106,0,2.194091558,0,0,1,0,0,0,0,1
44.12853003,1681438684,0.99999547,0.00301037,0,-1.369479179,-0.00301037,0.99999547,0,1.933327913,0,0,1,0,0,0,0,1
44.3424499,1681438684,0.999993801,0.003513956,0,-1.653771996,-0.003513956,0.999993801,0,2.600277662,0,0,1,0,0,0,0,1
44.44354987,1681438684,0.999997914,0.002035006,0,-0.781640291,-0.002035006,0.999997914,0,2.371063709,0,0,1,0,0,0,0,1
44.64245987,1681438684,0.999999225,0.001257162,0,-0.577551603,-0.001257162,0.999999225,0,2.977355242,0,0,1,0,0,0,0,1
44.74014997,1681438684,0.999998808,0.00154916,0,-0.863457024,-0.00154916,0.999998808,0,3.416320562,0,0,1,0,0,0,0,1
44.8641398,1681438684,0.999997556,0.002211121,0,-1.525384665,-0.002211121,0.999997556,0,4.315347672,0,0,1,0,0,0,0,1
44.98310995,1681438685,0.999997437,0.002265505,0,-1.561808705,-0.002265505,0.999997437,0,4.347624302,0,0,1,0,0,0,0,1
45.0985198,1681438685,0.99999845,0.001752484,0,-1.367973804,-0.001752484,0.99999845,0,4.503015995,0,0,1,0,0,0,0,1
45.2048099,1681438685,0.999999821,0.000610766,0,-0.860576749,-0.000610766,0.999999821,0,4.392451763,0,0,1,0,0,0,0,1
45.3042798,1681438685,0.999998212,0.001877892,0,-1.981450677,-0.001877892,0.999998212,0,5.682536602,0,0,1,0,0,0,0,1
45.43624997,1681438685,0.999996305,0.002713992,0,-2.711688757,-0.002713992,0.999996305,0,6.623204708,0,0,1,0,0,0,0,1
45.63235998,1681438685,0.999990106,0.004449803,0,-2.492786407,-0.004449803,0.999990106,0,2.197156668,0,0,1,0,0,0,0,1
45.70436001,1681438685,0.999990106,0.004446617,0,-2.491972446,-0.004446617,0.999990106,0,2.194091558,0,0,1,0,0,0,0,1
45.90060997,1681438685,0.999995351,0.003057515,0,-1.39695859,-0.003057515,0.999995351,0,1.95492661,0,0,1,0,0,0,0,1
45.98820996,1681438686,0.999993801,0.003513956,0,-1.653771996,-0.003513956,0.999993801,0,2.600277662,0,0,1,0,0,0,0,1
46.06476998,1681438686,0.999997914,0.002035006,0,-0.781640291,-0.002035006,0.999997914,0,2.371063709,0,0,1,0,0,0,0,1
46.3602798,1681438686,0.999998808,0.00154916,0,-0.863457024,-0.00154916,0.999998808,0,3.416320562,0,0,1,0,0,0,0,1
46.56566,1681438686,0.999997437,0.002265505,0,-1.561808705,-0.002265505,0.999997437,0,4.347624302,0,0,1,0,0,0,0,1
46.67638993,1681438686,0.99999845,0.001752484,0,-1.367973804,-0.001752484,0.99999845,0,4.503015995,0,0,1,0,0,0,0,1
46.81475997,1681438686,0.999999821,0.000610766,0,-0.860576749,-0.000610766,0.999999821,0,4.392451763,0,0,1,0,0,0,0,1
47.01654983,1681438687,0.999996305,0.002713992,0,-2.711688757,-0.002713992,0.999996305,0,6.623204708,0,0,1,0,0,0,0,1
47.10243988,1681438687,0.999987364,0.005030688,0,-4.361424446,-0.005030688,0.999987364,0,8.089962006,0,0,1,0,0,0,0,1
47.18730998,1681438687,0.999990106,0.004449803,0,-2.492786407,-0.004449803,0.999990106,0,2.197156668,0,0,1,0,0,0,0,1
47.30121994,1681438687,0.999990106,0.004446617,0,-2.491972446,-0.004446617,0.999990106,0,2.194091558,0,0,1,0,0,0,0,1
47.39604998,1681438687,0.99999547,0.00301037,0,-1.369479179,-0.00301037,0.99999547,0,1.933327913,0,0,1,0,0,0,0,1
47.49145985,1681438687,0.999995351,0.003057515,0,-1.39695859,-0.003057515,0.999995351,0,1.95492661,0,0,1,0,0,0,0,1
47.70038986,1681438687,0.999997914,0.002035006,0,-0.781640291,-0.002035006,0.999997914,0,2.371063709,0,0,1,0,0,0,0,1
47.77428985,1681438687,0.999998808,0.001543339,0,-0.58423245,-0.001543339,0.999998808,0,2.594069958,0,0,1,0,0,0,0,1
47.87283993,1681438687,0.999999225,0.001257162,0,-0.577551603,-0.001257162,0.999999225,0,2.977355242,0,0,1,0,0,0,0,1
47.98063993,1681438688,0.999998808,0.00154916,0,-0.863457024,-0.00154916,0.999998808,0,3.416320562,0,0,1,0,0,0,0,1
48.0919199,1681438688,0.999997556,0.002211121,0,-1.525384665,-0.002211121,0.999997556,0,4.315347672,0,0,1,0,0,0,0,1
48.19733,1681438688,0.999997437,0.002265505,0,-1.561808705,-0.002265505,0.999997437,0,4.347624302,0,0,1,0,0,0,0,1
48.38753986,1681438688,0.999999821,0.000610766,0,-0.860576749,-0.000610766,0.999999821,0,4.392451763,0,0,1,0,0,0,0,1
48.50459981,1681438688,0.999998212,0.001877892,0,-1.981450677,-0.001877892,0.999998212,0,5.682536602,0,0,1,0,0,0,0,1
48.59722996,1681438688,0.999996305,0.002713992,0,-2.711688757,-0.002713992,0.999996305,0,6.623204708,0,0,1,0,0,0,0,1
48.67199993,1681438688,0.999987364,0.005030688,0,-4.361424446,-0.005030688,0.999987364,0,8.089962006,0,0,1,0,0,0,0,1
48.90762997,1681438688,0.999990106,0.004446617,0,-2.491972446,-0.004446617,0.999990106,0,2.194091558,0,0,1,0,0,0,0,1
49.02450991,1681438689,0.99999547,0.00301037,0,-1.369479179,-0.00301037,0.99999547,0,1.933327913,0,0,1,0,0,0,0,1
49.19788003,1681438689,0.999993801,0.003513956,0,-1.653771996,-0.003513956,0.999993801,0,2.600277662,0,0,1,0,0,0,0,1
49.30243993,1681438689,0.999997914,0.002035006,0,-0.781640291,-0.002035006,0.999997914,0,2.371063709,0,0,1,0,0,0,0,1
49.51834989,1681438689,0.999999225,0.001257162,0,-0.577551603,-0.001257162,0.999999225,0,2.977355242,0,0,1,0,0,0,0,1
49.60681987,1681438689,0.999998808,0.00154916,0,-0.863457024,-0.00154916,0.999998808,0,3.416320562,0,0,1,0,0,0,0,1
49.6854198,1681438689,0.999997556,0.002211121,0,-1.525384665,-0.002211121,0.999997556,0,4.315347672,0,0,1,0,0,0,0,1
49.87661982,1681438689,0.99999845,0.001752484,0,-1.367973804,-0.001752484,0.99999845,0,4.503015995,0,0,1,0,0,0,0,1
49.94001985,1681438689,0.999999821,0.000610766,0,-0.860576749,-0.000610766,0.999999821,0,4.392451763,0,0,1,0,0,0,0,1
50.03701997,1681438690,0.999998212,0.001877892,0,-1.981450677,-0.001877892,0.999998212,0,5.682536602,0,0,1,0,0,0,0,1
50.14765,1681438690,0.999996305,0.002713992,0,-2.711688757,-0.002713992,0.999996305,0,6.623204708,0,0,1,0,0,0,0,1
50.27095985,1681438690,0.999987364,0.005030688,0,-4.361424446,-0.005030688,0.999987364,0,8.089962006,0,0,1,0,0,0,0,1
50.47565985,1681438690,0.999990106,0.004446617,0,-2.491972446,-0.004446617,0.999990106,0,2.194091558,0,0,1,0,0,0,0,1
50.54432988,1681438690,0.99999547,0.00301037,0,-1.369479179,-0.00301037,0.99999547,0,1.933327913,0,0,1,0,0,0,0,1
50.63706994,1681438690,0.999995351,0.003057515,0,-1.39695859,-0.003057515,0.999995351,0,1.95492661,0,0,1,0,0,0,0,1
50.73749995,1681438690,0.999993801,0.003513956,0,-1.653771996,-0.003513956,0.999993801,0,2.600277662,0,0,1,0,0,0,0,1
50.94976997,1681438690,0.999998808,0.001543339,0,-0.58423245,-0.001543339,0.999998808,0,2.594069958,0,0,1,0,0,0,0,1
51.03564,1681438691,0.999999225,0.001257162,0,-0.577551603,-0.001257162,0.999999225,0,2.977355242,0,0,1,0,0,0,0,1
51.11123991,1681438691,0.999998808,0.00154916,0,-0.863457024,-0.00154916,0.999998808,0,3.416320562,0,0,1,0,0,0,0,1
51.20987988,1681438691,0.999997556,0.002211121,0,-1.525384665,-0.002211121,0.999997556,0,4.315347672,0,0,1,0,0,0,0,1
51.3125298,1681438691,0.999997437,0.002265505,0,-1.561808705,-0.002265505,0.999997437,0,4.347624302,0,0,1,0,0,0,0,1
51.41634989,1681438691,0.99999845,0.001752484,0,-1.367973804,-0.001752484,0.99999845,0,4.503015995,0,0,1,0,0,0,0,1
51.54700994,1681438691,0.999999821,0.000610766,0,-0.860576749,-0.000610766,0.999999821,0,4.392451763,0,0,1,0,0,0,0,1
51.65254998,1681438691,0.999998212,0.001877892,0,-1.981450677,-0.001877892,0.999998212,0,5.682536602,0,0,1,0,0,0,0,1
51.85083985,1681438691,0.999987364,0.005030688,0,-4.361424446,-0.005030688,0.999987364,0,8.089962006,0,0,1,0,0,0,0,1
51.93059993,1681438691,0.999990106,0.004449803,0,-2.492786407,-0.004449803,0.999990106,0,2.197156668,0,0,1,0,0,0,0,1
52.0395,1681438692,0.999990106,0.004446617,0,-2.491972446,-0.004446617,0.999990106,0,2.194091558,0,0,1,0,0,0,0,1
52.16090989,1681438692,0.99999547,0.00301037,0,-1.369479179,-0.00301037,0.99999547,0,1.933327913,0,0,1,0,0,0,0,1
52.26751995,1681438692,0.999995351,0.003057515,0,-1.39695859,-0.003057515,0.999995351,0,1.95492661,0,0,1,0,0,0,0,1
52.36742997,1681438692,0.999993801,0.003513956,0,-1.653771996,-0.003513956,0.999993801,0,2.600277662,0,0,1,0,0,0,0,1
52.58028984,1681438692,0.999998808,0.001543339,0,-0.58423245,-0.001543339,0.999998808,0,2.594069958,0,0,1,0,0,0,0,1
52.67260981,1681438692,0.999999225,0.001257162,0,-0.577551603,-0.001257162,0.999999225,0,2.977355242,0,0,1,0,0,0,0,1
52.75128984,1681438692,0.999998808,0.00154916,0,-0.863457024,-0.00154916,0.999998808,0,3.416320562,0,0,1,0,0,0,0,1
52.94430995,1681438692,0.999997437,0.002265505,0,-1.561808705,-0.002265505,0.999997437,0,4.347624302,0,0,1,0,0,0,0,1
53.03539991,1681438693,0.99999845,0.001752484,0,-1.367973804,-0.001752484,0.99999845,0,4.503015995,0,0,1,0,0,0,0,1
53.10829997,1681438693,0.999999821,0.000610766,0,-0.860576749,-0.000610766,0.999999821,0,4.392451763,0,0,1,0,0,0,0,1
53.23553991,1681438693,0.999998212,0.001877892,0,-1.981450677,-0.001877892,0.999998212,0,5.682536602,0,0,1,0,0,0,0,1
53.45437002,1681438693,0.999987364,0.005030688,0,-4.361424446,-0.005030688,0.999987364,0,8.089962006,0,0,1,0,0,0,0,1
53.54440999,1681438693,0.999990106,0.004449803,0,-2.492786407,-0.004449803,0.999990106,0,2.197156668,0,0,1,0,0,0,0,1
53.62870979,1681438693,0.999990106,0.004446617,0,-2.491972446,-0.004446617,0.999990106,0,2.194091558,0,0,1,0,0,0,0,1
53.8313098,1681438693,0.999995351,0.003057515,0,-1.39695859,-0.003057515,0.999995351,0,1.95492661,0,0,1,0,0,0,0,1
53.92758989,1681438693,0.999993801,0.003513956,0,-1.653771996,-0.003513956,0.999993801,0,2.600277662,0,0,1,0,0,0,0,1
54.02770996,1681438694,0.999997914,0.002035006,0,-0.781640291,-0.002035006,0.999997914,0,2.371063709,0,0,1,0,0,0,0,1
54.1035099,1681438694,0.999998808,0.001543339,0,-0.58423245,-0.001543339,0.999998808,0,2.594069958,0,0,1,0,0,0,0,1
54.20994997,1681438694,0.999999225,0.001257162,0,-0.577551603,-0.001257162,0.999999225,0,2.977355242,0,0,1,0,0,0,0,1
54.39702988,1681438694,0.999997556,0.002211121,0,-1.525384665,-0.002211121,0.999997556,0,4.315347672,0,0,1,0,0,0,0,1
54.49256992,1681438694,0.999997437,0.002265505,0,-1.561808705,-0.002265505,0.999997437,0,4.347624302,0,0,1,0,0,0,0,1
54.58414984,1681438694,0.99999845,0.001752484,0,-1.367973804,-0.001752484,0.99999845,0,4.503015995,0,0,1,0,0,0,0,1
54.66401982,1681438694,0.999999821,0.000610766,0,-0.860576749,-0.000610766,0.999999821,0,4.392451763,0,0,1,0,0,0,0,1
54.86445999,1681438694,0.999996305,0.002713992,0,-2.711688757,-0.002713992,0.999996305,0,6.623204708,0,0,1,0,0,0,0,1
54.95263982,1681438694,0.999987364,0.005030688,0,-4.361424446,-0.005030688,0.999987364,0,8.089962006,0,0,1,0,0,0,0,1
55.0296998,1681438695,0.999990106,0.004449803,0,-2.492786407,-0.004449803,0.999990106,0,2.197156668,0,0,1,0,0,0,0,1
55.25387001,1681438695,0.99999547,0.00301037,0,-1.369479179,-0.00301037,0.99999547,0,1.933327913,0,0,1,0,0,0,0,1
55.36830997,1681438695,0.999995351,0.003057515,0,-1.39695859,-0.003057515,0.999995351,0,1.95492661,0,0,1,0,0,0,0,1
55.5205698,1681438695,0.999993801,0.003513956,0,-1.653771996,-0.003513956,0.999993801,0,2.600277662,0,0,1,0,0,0,0,1
55.64789987,1681438695,0.999997914,0.002035006,0,-0.781640291,-0.002035006,0.999997914,0,2.371063709,0,0,1,0,0,0,0,1
55.83639002,1681438695,0.999999225,0.001257162,0,-0.577551603,-0.001257162,0.999999225,0,2.977355242,0,0,1,0,0,0,0,1
56.02294993,1681438696,0.999997556,0.002211121,0,-1.525384665,-0.002211121,0.999997556,0,4.315347672,0,0,1,0,0,0,0,1
56.1954999,1681438696,0.99999845,0.001752484,0,-1.367973804,-0.001752484,0.99999845,0,4.503015995,0,0,1,0,0,0,0,1
56.28667998,1681438696,0.999999821,0.000610766,0,-0.860576749,-0.000610766,0.999999821,0,4.392451763,0,0,1,0,0,0,0,1
56.36824989,1681438696,0.999998212,0.001877892,0,-1.981450677,-0.001877892,0.999998212,0,5.682536602,0,0,1,0,0,0,0,1
56.48830986,1681438696,0.999996305,0.002713992,0,-2.711688757,-0.002713992,0.999996305,0,6.623204708,0,0,1,0,0,0,0,1
56.68095994,1681438696,0.999990106,0.004449803,0,-2.492786407,-0.004449803,0.999990106,0,2.197156668,0,0,1,0,0,0,0,1
56.75856996,1681438696,0.999990106,0.004446617,0,-2.491972446,-0.004446617,0.999990106,0,2.194091558,0,0,1,0,0,0,0,1
56.95157981,1681438696,0.999995351,0.003057515,0,-1.39695859,-0.003057515,0.999995351,0,1.95492661,0,0,1,0,0,0,0,1
57.02697992,1681438697,0.999993801,0.003513956,0,-1.653771996,-0.003513956,0.999993801,0,2.600277662,0,0,1,0,0,0,0,1
57.13677001,1681438697,0.999997914,0.002035006,0,-0.781640291,-0.002035006,0.999997914,0,2.371063709,0,0,1,0,0,0,0,1
57.23933983,1681438697,0.999998808,0.001543339,0,-0.58423245,-0.001543339,0.999998808,0,2.594069958,0,0,1,0,0,0,0,1
57.42431998,1681438697,0.999998808,0.00154916,0,-0.863457024,-0.00154916,0.999998808,0,3.416320562,0,0,1,0,0,0,0,1
57.52761984,1681438697,0.999997556,0.002211121,0,-1.525384665,-0.002211121,0.999997556,0,4.315347672,0,0,1,0,0,0,0,1
57.60801983,1681438697,0.999997437,0.002265505,0,-1.561808705,-0.002265505,0.999997437,0,4.347624302,0,0,1,0,0,0,0,1
57.71150994,1681438697,0.99999845,0.001752484,0,-1.367973804,-0.001752484,0.99999845,0,4.503015995,0,0,1,0,0,0,0,1
57.90853,1681438697,0.999998212,0.001877892,0,-1.981450677,-0.001877892,0.999998212,0,5.682536602,0,0,1,0,0,0,0,1
57.99276996,1681438698,0.999996305,0.002713992,0,-2.711688757,-0.002713992,0.999996305,0,6.623204708,0,0,1,0,0,0,0,1
58.06849003,1681438698,0.999987364,0.005030688,0,-4.361424446,-0.005030688,0.999987364,0,8.089962006,0,0,1,0,0,0,0,1
58.18331981,1681438698,0.999990106,0.004449803,0,-2.492786407,-0.004449803,0.999990106,0,2.197156668,0,0,1,0,0,0,0,1
58.37159991,1681438698,0.99999547,0.00301037,0,-1.369479179,-0.00301037,0.99999547,0,1.933327913,0,0,1,0,0,0,0,1
58.46155,1681438698,0.999995351,0.003057515,0,-1.39695859,-0.003057515,0.999995351,0,1.95492661,0,0,1,0,0,0,0,1
58.53840995,1681438698,0.999993801,0.003513956,0,-1.653771996,-0.003513956,0.999993801,0,2.600277662,0,0,1,0,0,0,0,1
58.65567994,1681438698,0.999997914,0.002035006,0,-0.781640291,-0.002035006,0.999997914,0,2.371063709,0,0,1,0,0,0,0,1
58.85300994,1681438698,0.999999225,0.001257162,0,-0.577551603,-0.001257162,0.999999225,0,2.977355242,0,0,1,0,0,0,0,1
58.94366002,1681438698,0.999998808,0.00154916,0,-0.863457024,-0.00154916,0.999998808,0,3.416320562,0,0,1,0,0,0,0,1
59.02666998,1681438699,0.999997556,0.002211121,0,-1.525384665,-0.002211121,0.999997556,0,4.315347672,0,0,1,0,0,0,0,1
59.12753987,1681438699,0.999997437,0.002265505,0,-1.561808705,-0.002265505,0.999997437,0,4.347624302,0,0,1,0,0,0,0,1
59.33758998,1681438699,0.999999821,0.000610766,0,-0.860576749,-0.000610766,0.999999821,0,4.392451763,0,0,1,0,0,0,0,1
59.44531989,1681438699,0.999998212,0.001877892,0,-1.981450677,-0.001877892,0.999998212,0,5.682536602,0,0,1,0,0,0,0,1
59.53537989,1681438699,0.999996305,0.002713992,0,-2.711688757,-0.002713992,0.999996305,0,6.623204708,0,0,1,0,0,0,0,1
59.6143899,1681438699,0.999987364,0.005030688,0,-4.361424446,-0.005030688,0.999987364,0,8.089962006,0,0,1,0,0,0,0,1
59.71345997,1681438699,0.999990106,0.004449803,0,-2.492786407,-0.004449803,0.999990106,0,2.197156668,0,0,1,0,0,0,0,1
59.82150984,1681438699,0.999990106,0.004446617,0,-2.491972446,-0.004446617,0.999990106,0,2.194091558,0,0,1,0,0,0,0,1
59.94041991,1681438699,0.99999547,0.00301037,0,-1.369479179,-0.00301037,0.99999547,0,1.933327913,0,0,1,0,0,0,0,1
60.05398989,1681438700,0.999995351,0.003057515,0,-1.39695859,-0.003057515,0.999995351,0,1.95492661,0,0,1,0,0,0,0,1
60.15309,1681438700,0.999993801,0.003513956,0,-1.653771996,-0.003513956,0.999993801,0,2.600277662,0,0,1,0,0,0,0,1
60.27717996,1681438700,0.999997914,0.002035006,0,-0.781640291,-0.002035006,0.999997914,0,2.371063709,0,0,1,0,0,0,0,1
60.39915991,1681438700,0.999998808,0.001543339,0,-0.58423245,-0.001543339,0.999998808,0,2.594069958,0,0,1,0,0,0,0,1
60.51411986,1681438700,0.999999225,0.001257162,0,-0.577551603,-0.001257162,0.999999225,0,2.977355242,0,0,1,0,0,0,0,1
60.71641994,1681438700,0.999997556,0.002211121,0,-1.525384665,-0.002211121,0.999997556,0,4.315347672,0,0,1,0,0,0,0,1
60.79026985,1681438700,0.999997437,0.002265505,0,-1.561808705,-0.002265505,0.999997437,0,4.347624302,0,0,1,0,0,0,0,1
60.88312984,1681438700,0.99999845,0.001752484,0,-1.367973804,-0.001752484,0.99999845,0,4.503015995,0,0,1,0,0,0,0,1
60.98077989,1681438701,0.999999821,0.000610766,0,-0.860576749,-0.000610766,0.999999821,0,4.392451763,0,0,1,0,0,0,0,1
61.18495989,1681438701,0.999996305,0.002713992,0,-2.711688757,-0.002713992,0.999996305,0,6.623204708,0,0,1,0,0,0,0,1
61.26261997,1681438701,0.999987364,0.005030688,0,-4.361424446,-0.005030688,0.999987364,0,8.089962006,0,0,1,0,0,0,0,1
61.47214985,1681438701,0.999990106,0.004446617,0,-2.491972446,-0.004446617,0.999990106,0,2.194091558,0,0,1,0,0,0,0,1
61.58753991,1681438701,0.99999547,0.00301037,0,-1.369479179,-0.00301037,0.99999547,0,1.933327913,0,0,1,0,0,0,0,1
61.69120002,1681438701,0.999995351,0.003057515,0,-1.39695859,-0.003057515,0.999995351,0,1.95492661,0,0,1,0,0,0,0,1
61.76704001,1681438701,0.999993801,0.003513956,0,-1.653771996,-0.003513956,0.999993801,0,2.600277662,0,0,1,0,0,0,0,1
61.87059999,1681438701,0.999997914,0.002035006,0,-0.781640291,-0.002035006,0.999997914,0,2.371063709,0,0,1,0,0,0,0,1
61.98645997,1681438702,0.999998808,0.001543339,0,-0.58423245,-0.001543339,0.999998808,0,2.594069958,0,0,1,0,0,0,0,1
62.07893991,1681438702,0.999999225,0.001257162,0,-0.577551603,-0.001257162,0.999999225,0,2.977355242,0,0,1,0,0,0,0,1
62.20004988,1681438702,0.999998808,0.00154916,0,-0.863457024,-0.00154916,0.999998808,0,3.416320562,0,0,1,0,0,0,0,1
62.40755987,1681438702,0.999997437,0.002265505,0,-1.561808705,-0.002265505,0.999997437,0,4.347624302,0,0,1,0,0,0,0,1
62.49251986,1681438702,0.99999845,0.001752484,0,-1.367973804,-0.001752484,0.99999845,0,4.503015995,0,0,1,0,0,0,0,1
62.57006001,1681438702,0.999999821,0.000610766,0,-0.860576749,-0.000610766,0.999999821,0,4.392451763,0,0,1,0,0,0,0,1
62.67276001,1681438702,0.999998212,0.001877892,0,-1.981450677,-0.001877892,0.999998212,0,5.682536602,0,0,1,0,0,0,0,1
62.83688998,1681438702,0.999987364,0.005030688,0,-4.361424446,-0.005030688,0.999987364,0,8.089962006,0,0,1,0,0,0,0,1
62.94018984,1681438702,0.999990106,0.004449803,0,-2.492786407,-0.004449803,0.999990106,0,2.197156668,0,0,1,0,0,0,0,1
63.01887989,1681438703,0.999990106,0.004446617,0,-2.491972446,-0.004446617,0.999990106,0,2.194091558,0,0,1,0,0,0,0,1
63.11667991,1681438703,0.99999547,0.00301037,0,-1.369479179,-0.00301037,0.99999547,0,1.933327913,0,0,1,0,0,0,0,1
63.23549986,1681438703,0.999995351,0.003057515,0,-1.39695859,-0.003057515,0.999995351,0,1.95492661,0,0,1,0,0,0,0,1
63.45639992,1681438703,0.999997914,0.002035006,0,-0.781640291,-0.002035006,0.999997914,0,2.371063709,0,0,1,0,0,0,0,1
63.53353,1681438703,0.999998808,0.001543339,0,-0.58423245,-0.001543339,0.999998808,0,2.594069958,0,0,1,0,0,0,0,1
63.63767982,1681438703,0.999999225,0.001257162,0,-0.577551603,-0.001257162,0.999999225,0,2.977355242,0,0,1,0,0,0,0,1
63.84320998,1681438703,0.999997556,0.002211121,0,-1.525384665,-0.002211121,0.999997556,0,4.315347672,0,0,1,0,0,0,0,1
63.92057991,1681438703,0.999997437,0.002265505,0,-1.561808705,-0.002265505,0.999997437,0,4.347624302,0,0,1,0,0,0,0,1
64.02180982,1681438704,0.99999845,0.001752484,0,-1.367973804,-0.001752484,0.99999845,0,4.503015995,0,0,1,0,0,0,0,1
64.12893987,1681438704,0.999999821,0.000610766,0,-0.860576749,-0.000610766,0.999999821,0,4.392451763,0,0,1,0,0,0,0,1
64.24251986,1681438704,0.999998212,0.001877892,0,-1.981450677,-0.001877892,0.999998212,0,5.682536602,0,0,1,0,0,0,0,1
64.33849001,1681438704,0.999996305,0.002713992,0,-2.711688757,-0.002713992,0.999996305,0,6.623204708,0,0,1,0,0,0,0,1
64.46164989,1681438704,0.999987364,0.005030688,0,-4.361424446,-0.005030688,0.999987364,0,8.089962006,0,0,1,0,0,0,0,1
64.66111994,1681438704,0.999990106,0.004446617,0,-2.491972446,-0.004446617,0.999990106,0,2.194091558,0,0,1,0,0,0,0,1
64.74885988,1681438704,0.99999547,0.00301037,0,-1.369479179,-0.00301037,0.99999547,0,1.933327913,0,0,1,0,0,0,0,1
64.8283,1681438704,0.999995351,0.003057515,0,-1.39695859,-0.003057515,0.999995351,0,1.95492661,0,0,1,0,0,0,0,1
65.01955986,1681438705,0.999997914,0.002035006,0,-0.781640291,-0.002035006,0.999997914,0,2.371063709,0,0,1,0,0,0,0,1
65.1085999,1681438705,0.999998808,0.001543339,0,-0.58423245,-0.001543339,0.999998808,0,2.594069958,0,0,1,0,0,0,0,1
65.19456983,1681438705,0.999999225,0.001257162,0,-0.577551603,-0.001257162,0.999999225,0,2.977355242,0,0,1,0,0,0,0,1
65.28824997,1681438705,0.999998808,0.00154916,0,-0.863457024,-0.00154916,0.999998808,0,3.416320562,0,0,1,0,0,0,0,1
65.47583985,1681438705,0.999997437,0.002265505,0,-1.561808705,-0.002265505,0.999997437,0,4.347624302,0,0,1,0,0,0,0,1
65.54694986,1681438705,0.99999845,0.001752484,0,-1.367973804,-0.001752484,0.99999845,0,4.503015995,0,0,1,0,0,0,0,1
65.64695001,1681438705,0.999999821,0.000610766,0,-0.860576749,-0.000610766,0.999999821,0,4.392451763,0,0,1,0,0,0,0,1
65.74481988,1681438705,0.999998212,0.001877892,0,-1.981450677,-0.001877892,0.999998212,0,5.682536602,0,0,1,0,0,0,0,1
65.96443987,1681438705,0.999987364,0.005030688,0,-4.361424446,-0.005030688,0.999987364,0,8.089962006,0,0,1,0,0,0,0,1
66.05660987,1681438706,0.999990106,0.004449803,0,-2.492786407,-0.004449803,0.999990106,0,2.197156668,0,0,1,0,0,0,0,1
66.13333988,1681438706,0.999990106,0.004446617,0,-2.491972446,-0.004446617,0.999990106,0,2.194091558,0,0,1,0,0,0,0,1
66.25522995,1681438706,0.99999547,0.00301037,0,-1.369479179,-0.00301037,0.99999547,0,1.933327913,0,0,1,0,0,0,0,1
66.44573998,1681438706,0.999993801,0.003513956,0,-1.653771996,-0.003513956,0.999993801,0,2.600277662,0,0,1,0,0,0,0,1
66.53568983,1681438706,0.999997914,0.002035006,0,-0.781640291,-0.002035006,0.999997914,0,2.371063709,0,0,1,0,0,0,0,1
66.69452,1681438706,0.999999225,0.001257162,0,-0.577551603,-0.001257162,0.999999225,0,2.977355242,0,0,1,0,0,0,0,1
66.78729987,1681438706,0.999998808,0.00154916,0,-0.863457024,-0.00154916,0.999998808,0,3.416320562,0,0,1,0,0,0,0,1
66.99229002,1681438707,0.999997437,0.002265505,0,-1.561808705,-0.002265505,0.999997437,0,4.347624302,0,0,1,0,0,0,0,1
67.08033991,1681438707,0.99999845,0.001752484,0,-1.367973804,-0.001752484,0.99999845,0,4.503015995,0,0,1,0,0,0,0,1
67.16304994,1681438707,0.999999821,0.000610766,0,-0.860576749,-0.000610766,0.999999821,0,4.392451763,0,0,1,0,0,0,0,1
67.2497499,1681438707,0.999998212,0.001877892,0,-1.981450677,-0.001877892,0.999998212,0,5.682536602,0,0,1,0,0,0,0,1
67.46346998,1681438707,0.999987364,0.005030688,0,-4.361424446,-0.005030688,0.999987364,0,8.089962006,0,0,1,0,0,0,0,1
67.54865003,1681438707,0.999990106,0.004449803,0,-2.492786407,-0.004449803,0.999990106,0,2.197156668,0,0,1,0,0,0,0,1
67.62845993,1681438707,0.999990106,0.004446617,0,-2.491972446,-0.004446617,0.999990106,0,2.194091558,0,0,1,0,0,0,0,1
67.71991992,1681438707,0.99999547,0.00301037,0,-1.369479179,-0.00301037,0.99999547,0,1.933327913,0,0,1,0,0,0,0,1
67.81632996,1681438707,0.999995351,0.003057515,0,-1.39695859,-0.003057515,0.999995351,0,1.95492661,0,0,1,0,0,0,0,1
68.04048991,1681438708,0.999997914,0.002035006,0,-0.781640291,-0.002035006,0.999997914,0,2.371063709,0,0,1,0,0,0,0,1
68.10829997,1681438708,0.999998808,0.001543339,0,-0.58423245,-0.001543339,0.999998808,0,2.594069958,0,0,1,0,0,0,0,1
68.20120001,1681438708,0.999999225,0.001257162,0,-0.577551603,-0.001257162,0.999999225,0,2.977355242,0,0,1,0,0,0,0,1
68.38354993,1681438708,0.999997556,0.002211121,0,-1.525384665,-0.002211121,0.999997556,0,4.315347672,0,0,1,0,0,0,0,1
68.48052001,1681438708,0.999997437,0.002265505,0,-1.561808705,-0.002265505,0.999997437,0,4.347624302,0,0,1,0,0,0,0,1
68.56403995,1681438708,0.99999845,0.001752484,0,-1.367973804,-0.001752484,0.99999845,0,4.503015995,0,0,1,0,0,0,0,1
68.66092992,1681438708,0.999999821,0.000610766,0,-0.860576749,-0.000610766,0.999999821,0,4.392451763,0,0,1,0,0,0,0,1
68.76276994,1681438708,0.999998212,0.001877892,0,-1.981450677,-0.001877892,0.999998212,0,5.682536602,0,0,1,0,0,0,0,1
68.98442984,1681438709,0.999987364,0.005030688,0,-4.361424446,-0.005030688,0.999987364,0,8.089962006,0,0,1,0,0,0,0,1
69.09073997,1681438709,0.999990106,0.004449803,0,-2.492786407,-0.004449803,0.999990106,0,2.197156668,0,0,1,0,0,0,0,1
69.27067995,1681438709,0.99999547,0.00301037,0,-1.369479179,-0.00301037,0.99999547,0,1.933327913,0,0,1,0,0,0,0,1
69.3642199,1681438709,0.999995351,0.003057515,0,-1.39695859,-0.003057515,0.999995351,0,1.95492661,0,0,1,0,0,0,0,1
69.47131991,1681438709,0.999993801,0.003513956,0,-1.653771996,-0.003513956,0.999993801,0,2.600277662,0,0,1,0,0,0,0,1
69.64969993,1681438709,0.999998808,0.001543339,0,-0.58423245,-0.001543339,0.999998808,0,2.594069958,0,0,1,0,0,0,0,1
69.74768996,1681438709,0.999999225,0.001257162,0,-0.577551603,-0.001257162,0.999999225,0,2.977355242,0,0,1,0,0,0,0,1
69.82196999,1681438709,0.999998808,0.00154916,0,-0.863457024,-0.00154916,0.999998808,0,3.416320562,0,0,1,0,0,0,0,1
70.00814986,1681438710,0.999997437,0.002265505,0,-1.561808705,-0.002265505,0.999997437,0,4.347624302,0,0,1,0,0,0,0,1
70.0915699,1681438710,0.99999845,0.001752484,0,-1.367973804,-0.001752484,0.99999845,0,4.503015995,0,0,1,0,0,0,0,1
70.16321993,1681438710,0.999999821,0.000610766,0,-0.860576749,-0.000610766,0.999999821,0,4.392451763,0,0,1,0,0,0,0,1
70.36049986,1681438710,0.999996305,0.002713992,0,-2.711688757,-0.002713992,0.999996305,0,6.623204708,0,0,1,0,0,0,0,1
70.44441986,1681438710,0.999987364,0.005030688,0,-4.361424446,-0.005030688,0.999987364,0,8.089962006,0,0,1,0,0,0,0,1
70.63651991,1681438710,0.999990106,0.004446617,0,-2.491972446,-0.004446617,0.999990106,0,2.194091558,0,0,1,0,0,0,0,1
70.72438979,1681438710,0.99999547,0.00301037,0,-1.369479179,-0.00301037,0.99999547,0,1.933327913,0,0,1,0,0,0,0,1
70.79982996,1681438710,0.999995351,0.003057515,0,-1.39695859,-0.003057515,0.999995351,0,1.95492661,0,0,1,0,0,0,0,1
70.90654993,1681438710,0.999993801,0.003513956,0,-1.653771996,-0.003513956,0.999993801,0,2.600277662,0,0,1,0,0,0,0,1
71.0216198,1681438711,0.999997914,0.002035006,0,-0.781640291,-0.002035006,0.999997914,0,2.371063709,0,0,1,0,0,0,0,1
71.12075996,1681438711,0.999998808,0.001543339,0,-0.58423245,-0.001543339,0.999998808,0,2.594069958,0,0,1,0,0,0,0,1
71.32358003,1681438711,0.999998808,0.00154916,0,-0.863457024,-0.00154916,0.999998808,0,3.416320562,0,0,1,0,0,0,0,1
71.41569996,1681438711,0.999997556,0.002211121,0,-1.525384665,-0.002211121,0.999997556,0,4.315347672,0,0,1,0,0,0,0,1
71.49741983,1681438711,0.999997437,0.002265505,0,-1.561808705,-0.002265505,0.999997437,0,4.347624302,0,0,1,0,0,0,0,1
71.59677982,1681438711,0.99999845,0.001752484,0,-1.367973804,-0.001752484,0.99999845,0,4.503015995,0,0,1,0,0,0,0,1
71.6937499,1681438711,0.999999821,0.000610766,0,-0.860576749,-0.000610766,0.999999821,0,4.392451763,0,0,1,0,0,0,0,1
71.90710998,1681438711,0.999996305,0.002713992,0,-2.711688757,-0.002713992,0.999996305,0,6.623204708,0,0,1,0,0,0,0,1
71.97774982,1681438712,0.999987364,0.005030688,0,-4.361424446,-0.005030688,0.999987364,0,8.089962006,0,0,1,0,0,0,0,1
72.1642499,1681438712,0.999990106,0.004446617,0,-2.491972446,-0.004446617,0.999990106,0,2.194091558,0,0,1,0,0,0,0,1
72.2766099,1681438712,0.99999547,0.00301037,0,-1.369479179,-0.00301037,0.99999547,0,1.933327913,0,0,1,0,0,0,0,1
72.34997988,1681438712,0.999995351,0.003057515,0,-1.39695859,-0.003057515,0.999995351,0,1.95492661,0,0,1,0,0,0,0,1
72.45293999,1681438712,0.999993801,0.003513956,0,-1.653771996,-0.003513956,0.999993801,0,2.600277662,0,0,1,0,0,0,0,1
